{"cameraMode":{"drawMode":0,"name":"Shaded","section":"Shading Mode"},"sceneLighting":false,"audioPlay":false,"sceneViewState":{"m_AlwaysRefresh":false,"showFog":true,"showSkybox":false,"showFlares":true,"showImageEffects":true,"showParticleSystems":true,"showVisualEffectGraphs":true,"m_FxEnabled":true},"in2DMode":false,"pivot":{"x":-21.558622360229493,"y":-2.3865768909454347,"z":1.8234977722167969},"rotation":{"x":0.10916966199874878,"y":-0.6049194931983948,"z":0.08420208841562271,"w":0.7842664122581482},"size":0.5400391817092896,"orthographic":false}